page456,keyword12,keyword15,keyword4,keyword33,keyword99,keyword80,keyword53,keyword93
page318,keyword31,keyword63
page52,keyword85,keyword97,keyword59,keyword21
page356,keyword78,keyword59,keyword91,keyword8,keyword77,keyword85,keyword94,keyword13
page305,keyword38,keyword83,keyword49,keyword87,keyword84,keyword69,keyword85,keyword25,keyword53
page124,keyword38,keyword37,keyword52,keyword74,keyword86,keyword76,keyword42
page453,keyword30
page416,keyword36,keyword56,keyword73
page500,keyword97,keyword15,keyword91,keyword48,keyword69,keyword36,keyword65,keyword10,keyword6
page106,keyword71,keyword78,keyword56,keyword50,keyword15,keyword40,keyword33,keyword80,keyword54,keyword70
page13,keyword84,keyword27,keyword25,keyword75
page433,keyword6,keyword78
page218,keyword100,keyword4,keyword19,keyword58,keyword21,keyword46,keyword93,keyword42
page409,keyword31,keyword44,keyword71,keyword88
page263,keyword52,keyword17,keyword100
page102,keyword45,keyword23,keyword44,keyword48,keyword76
page130,keyword77,keyword3,keyword14,keyword41,keyword81,keyword57,keyword89,keyword24
page169,keyword100,keyword16,keyword9,keyword41,keyword94,keyword6
page65,keyword25,keyword2,keyword11
page185,keyword38,keyword5,keyword56,keyword85,keyword86,keyword57,keyword46,keyword60
page466,keyword37,keyword52,keyword9,keyword88,keyword2,keyword75,keyword28,keyword42
page145,keyword92,keyword68,keyword84
page431,keyword23,keyword98,keyword90,keyword40,keyword58,keyword41,keyword94,keyword2,keyword10,keyword24
page16,keyword99,keyword65,keyword84,keyword22
page232,keyword39
page294,keyword53,keyword39,keyword52,keyword97
page310,keyword100,keyword62,keyword51,keyword37,keyword48,keyword41,keyword30,keyword94,keyword65,keyword6
page227,keyword78,keyword61,keyword55,keyword3,keyword52,keyword80,keyword41,keyword10,keyword89
page95,keyword38,keyword11,keyword33,keyword52,keyword47,keyword79
page187,keyword82,keyword87,keyword51,keyword14,keyword86,keyword64,keyword89,keyword79
page39,keyword28,keyword57
page309,keyword49,keyword34,keyword9,keyword41,keyword53
page406,keyword4,keyword31
page382,keyword45,keyword4,keyword40,keyword52,keyword47,keyword54,keyword76,keyword17
page458,keyword90,keyword2,keyword60
page229,keyword1,keyword7
page277,keyword82,keyword83,keyword23,keyword12,keyword85,keyword14,keyword94,keyword24
page166,keyword23,keyword87,keyword94,keyword92
page464,keyword71,keyword44,keyword51,keyword91,keyword2,keyword39,keyword43,keyword31
page403,keyword100,keyword82,keyword15,keyword40,keyword52,keyword80,keyword63,keyword64,keyword76,keyword2
page81,keyword38,keyword92,keyword99,keyword36,keyword54,keyword89,keyword24,keyword79
page257,keyword51,keyword69,keyword47,keyword85,keyword2
page401,keyword48,keyword46
page344,keyword45,keyword98,keyword3,keyword99,keyword47,keyword88,keyword94,keyword2,keyword39,keyword42
page172,keyword79,keyword94,keyword31
page266,keyword98,keyword50,keyword4,keyword20,keyword35
page325,keyword56,keyword19,keyword80,keyword28,keyword24
page370,keyword98,keyword60
page459,keyword7
page211,keyword95,keyword84,keyword33,keyword25,keyword86,keyword60
page447,keyword50,keyword88,keyword91
page242,keyword20,keyword33,keyword27,keyword12
page421,keyword97,keyword18
page189,keyword67,keyword22,keyword51,keyword72
page256,keyword83,keyword12,keyword97,keyword51,keyword73,keyword59,keyword74,keyword43
page394,keyword87,keyword51,keyword7,keyword21,keyword57,keyword32
page181,keyword1,keyword69,keyword15,keyword36
page70,keyword70,keyword36
page108,keyword20,keyword14
page234,keyword50,keyword48,keyword94,keyword86,keyword76,keyword89,keyword60,keyword32
page202,keyword96,keyword50,keyword62,keyword15,keyword55,keyword29,keyword30,keyword70,keyword10,keyword24
page333,keyword15,keyword96,keyword80
page86,keyword73,keyword34,keyword50
page364,keyword82,keyword27,keyword53,keyword57,keyword60
page208,keyword97,keyword37,keyword73,keyword9,keyword39
page182,keyword80,keyword43,keyword48,keyword15
page136,keyword89,keyword57,keyword34
page295,keyword67,keyword78,keyword61,keyword15,keyword48,keyword69,keyword85,keyword21,keyword86,keyword46
page375,keyword65
page497,keyword33,keyword99,keyword9,keyword63,keyword14,keyword53,keyword54
page237,keyword97,keyword98,keyword11,keyword58,keyword41,keyword36
page201,keyword96
page241,keyword100,keyword96,keyword87,keyword62,keyword51,keyword84,keyword66,keyword65,keyword35
page20,keyword96,keyword49,keyword90,keyword22,keyword3,keyword18,keyword75
page199,keyword72,keyword95,keyword27,keyword19,keyword99,keyword86
page280,keyword61
page80,keyword29,keyword89,keyword68,keyword54
page41,keyword100,keyword34,keyword87,keyword88,keyword74,keyword7,keyword13,keyword24
page250,keyword23,keyword5,keyword95,keyword68,keyword93,keyword13,keyword6
page311,keyword60,keyword47,keyword21
page498,keyword24,keyword26,keyword70
page276,keyword30,keyword17
page163,keyword5,keyword37,keyword68
page247,keyword67,keyword92,keyword69,keyword9,keyword36,keyword7,keyword2,keyword39,keyword32
page389,keyword38,keyword37,keyword91,keyword88,keyword64,keyword70,keyword28
page298,keyword83,keyword45,keyword80
page340,keyword26
page146,keyword83,keyword91
page128,keyword40,keyword48,keyword27,keyword18,keyword76,keyword57
page314,keyword38
page269,keyword23,keyword90,keyword19,keyword80,keyword28
page339,keyword16,keyword44,keyword69,keyword20,keyword85,keyword2,keyword10
page5,keyword37,keyword33,keyword25,keyword21,keyword89,keyword24,keyword79
page116,keyword16,keyword13,keyword45,keyword30
page484,keyword22,keyword41
page9,keyword15,keyword69,keyword21
page345,keyword72
page90,keyword67,keyword83,keyword49,keyword56,keyword62,keyword37,keyword59,keyword48,keyword46,keyword89
page101,keyword64,keyword100
page160,keyword49,keyword8,keyword33,keyword36,keyword70,keyword32,keyword17
page244,keyword13,keyword49,keyword95,keyword94
page165,keyword23,keyword15,keyword73,keyword91,keyword47,keyword18,keyword89,keyword60
page444,keyword25,keyword46
page329,keyword92,keyword61,keyword77,keyword99,keyword88,keyword63,keyword30,keyword13,keyword6
page270,keyword100,keyword49,keyword27,keyword25,keyword7,keyword21,keyword64,keyword43,keyword60,keyword31
page363,keyword37,keyword33,keyword99,keyword47,keyword85,keyword41,keyword94,keyword18
page174,keyword81,keyword44,keyword85,keyword87
page22,keyword96,keyword23,keyword84,keyword41,keyword76,keyword81,keyword24,keyword42,keyword6
page134,keyword67,keyword98,keyword37,keyword53,keyword86,keyword57,keyword43
page245,keyword96,keyword92,keyword56,keyword84,keyword59,keyword68,keyword21,keyword93
page161,keyword78,keyword83,keyword97,keyword26,keyword19,keyword41,keyword64,keyword81
page152,keyword98,keyword61,keyword1,keyword8,keyword40,keyword77,keyword86,keyword24,keyword31
page115,keyword71,keyword24,keyword91
page476,keyword50,keyword92,keyword36,keyword55
page177,keyword16,keyword48,keyword19,keyword10,keyword24,keyword79,keyword31
page25,keyword24
page434,keyword96,keyword8,keyword88,keyword63,keyword14,keyword41,keyword94,keyword21
page87,keyword97,keyword5,keyword50,keyword44,keyword27,keyword20,keyword54,keyword70,keyword10,keyword60
page109,keyword94,keyword35,keyword80
page219,keyword16,keyword5,keyword55,keyword27,keyword9,keyword63,keyword74,keyword29,keyword81,keyword6
page217,keyword23,keyword50,keyword14,keyword54,keyword57
page230,keyword15,keyword6
page438,keyword95,keyword100
page176,keyword23,keyword65,keyword36,keyword50
page21,keyword78,keyword87,keyword40,keyword39,keyword24
page138,keyword62,keyword44,keyword11,keyword55,keyword39,keyword28,keyword60,keyword6
page457,keyword62
page225,keyword83,keyword23,keyword1,keyword91,keyword8,keyword3,keyword69,keyword42,keyword6
page133,keyword83,keyword87,keyword84,keyword66,keyword8,keyword19,keyword94,keyword18
page358,keyword16,keyword23,keyword22,keyword99,keyword88
page304,keyword16,keyword72,keyword8,keyword74,keyword70,keyword75,keyword57,keyword46,keyword60
page17,keyword5,keyword62,keyword72,keyword58,keyword7
page33,keyword45,keyword82,keyword61,keyword90,keyword55,keyword99,keyword86,keyword57,keyword17
page380,keyword38,keyword96,keyword98,keyword26,keyword59,keyword58,keyword13,keyword17
page45,keyword48,keyword23
page153,keyword67,keyword16,keyword78,keyword69,keyword85,keyword29,keyword41,keyword7,keyword18,keyword2
page272,keyword38,keyword67,keyword1,keyword55,keyword33,keyword9,keyword20,keyword29,keyword10,keyword32
page76,keyword72,keyword1,keyword48,keyword33,keyword20,keyword85
page248,keyword78,keyword23,keyword80,keyword18,keyword68,keyword70,keyword28,keyword93
page319,keyword82,keyword62,keyword37,keyword85,keyword86,keyword13
page38,keyword3,keyword30,keyword39,keyword46,keyword28
page210,keyword24,keyword3
page335,keyword16,keyword69
page186,keyword50,keyword58,keyword81,keyword75,keyword6
page428,keyword26,keyword87,keyword99,keyword82
page283,keyword78,keyword61,keyword47,keyword85,keyword14,keyword86,keyword89,keyword13,keyword60,keyword32
page368,keyword94
page99,keyword60
page196,keyword83,keyword49,keyword5,keyword1,keyword8,keyword85,keyword41,keyword36,keyword46
page404,keyword100,keyword23,keyword5,keyword50,keyword51,keyword40,keyword68,keyword76,keyword89
page391,keyword62,keyword90,keyword77,keyword7,keyword93
page231,keyword77,keyword55,keyword33,keyword80,keyword30
page410,keyword56,keyword44,keyword22,keyword99,keyword74,keyword7,keyword68,keyword81,keyword35,keyword42
page79,keyword97,keyword56,keyword3,keyword9,keyword58,keyword29,keyword36,keyword64,keyword81,keyword89
page164,keyword88,keyword20,keyword64,keyword81,keyword24
page140,keyword78,keyword80,keyword58,keyword21,keyword2,keyword42,keyword31
page255,keyword69,keyword64,keyword53,keyword40
page56,keyword97,keyword61,keyword62,keyword80,keyword64,keyword46,keyword79
page129,keyword58,keyword85,keyword25,keyword54,keyword39,keyword57,keyword24,keyword6
page2,keyword71,keyword83,keyword73,keyword66,keyword69,keyword42
page143,keyword38,keyword83,keyword44,keyword73,keyword77,keyword22,keyword33,keyword69
page125,keyword38,keyword78,keyword12,keyword15,keyword73,keyword1,keyword8,keyword21,keyword35,keyword60
page78,keyword67,keyword78,keyword1,keyword55,keyword33,keyword19,keyword20,keyword70,keyword75,keyword28
page337,keyword89,keyword47,keyword23
page46,keyword51,keyword77,keyword41,keyword53,keyword70
page137,keyword71,keyword22,keyword64,keyword57,keyword32,keyword6
page104,keyword100,keyword62,keyword4,keyword27,keyword80,keyword36,keyword30
page205,keyword71,keyword26,keyword51,keyword99,keyword80,keyword20,keyword30,keyword39,keyword60
page400,keyword50,keyword73,keyword84,keyword85,keyword70,keyword46,keyword89
page354,keyword50,keyword26,keyword41,keyword68,keyword65,keyword93
page292,keyword8,keyword80,keyword39,keyword7
page214,keyword26
page347,keyword38,keyword96,keyword71,keyword84,keyword11,keyword29,keyword36,keyword68,keyword65,keyword79
page111,keyword71,keyword12,keyword69,keyword25,keyword2
page92,keyword82,keyword49,keyword5,keyword15,keyword3,keyword41,keyword53,keyword81,keyword2,keyword28
page93,keyword90,keyword84,keyword91,keyword63,keyword36
page58,keyword82,keyword62,keyword26,keyword47,keyword63,keyword39,keyword17
page388,keyword100,keyword61,keyword62,keyword26,keyword19,keyword57,keyword32
page240,keyword97,keyword26,keyword1,keyword66,keyword55,keyword58,keyword70,keyword32
page462,keyword78,keyword61,keyword26,keyword90,keyword73,keyword7,keyword21,keyword46,keyword35
page127,keyword35,keyword73,keyword67,keyword75
page131,keyword42,keyword76,keyword69
page489,keyword62,keyword26,keyword4,keyword66,keyword77,keyword20,keyword14,keyword35
page346,keyword57
page303,keyword26,keyword48,keyword9,keyword58,keyword65,keyword35,keyword32
page330,keyword57,keyword8,keyword88,keyword90
page473,keyword45,keyword59,keyword27,keyword69,keyword41,keyword2
page226,keyword64,keyword12
page338,keyword78,keyword69,keyword20,keyword28,keyword35,keyword43,keyword60,keyword6
page307,keyword45,keyword56,keyword61,keyword48,keyword76
page100,keyword38,keyword97,keyword98,keyword91,keyword99,keyword63,keyword81,keyword42,keyword6
page279,keyword92,keyword98,keyword26,keyword11,keyword91,keyword48,keyword14,keyword64,keyword75,keyword43
page320,keyword87,keyword37,keyword73,keyword1,keyword55,keyword88,keyword86,keyword65,keyword17
page327,keyword82
page495,keyword16,keyword23,keyword34,keyword77,keyword3,keyword14,keyword18,keyword60
page252,keyword71,keyword51,keyword95,keyword69,keyword74
page260,keyword30
page436,keyword90,keyword66,keyword22,keyword85,keyword68,keyword53,keyword46
page67,keyword73,keyword47,keyword20,keyword81,keyword89,keyword28
page369,keyword83,keyword26,keyword4,keyword66,keyword33,keyword19,keyword52,keyword47,keyword81,keyword32
page96,keyword45,keyword96
page432,keyword23,keyword49,keyword91,keyword27,keyword58,keyword94,keyword75,keyword13,keyword42,keyword6
page442,keyword71,keyword5,keyword56,keyword11,keyword66,keyword55,keyword27,keyword69
page321,keyword87
page209,keyword11,keyword25,keyword68,keyword13,keyword6
page42,keyword90,keyword57,keyword12
page471,keyword38,keyword16,keyword12,keyword5,keyword73,keyword99,keyword52,keyword74,keyword21,keyword32
page123,keyword82,keyword74,keyword29,keyword14,keyword41,keyword13,keyword17
page55,keyword71,keyword49,keyword98,keyword48,keyword3,keyword7,keyword75,keyword32,keyword6
page291,keyword8,keyword47,keyword20,keyword85,keyword25,keyword54,keyword35,keyword42
page120,keyword34,keyword4,keyword3,keyword88,keyword36,keyword7,keyword76,keyword65
page282,keyword46,keyword37
page40,keyword34,keyword51,keyword66,keyword77,keyword36,keyword64,keyword81,keyword13,keyword42,keyword60
page328,keyword82,keyword44,keyword15,keyword88,keyword94,keyword68
page261,keyword75,keyword54,keyword4,keyword57
page259,keyword16,keyword50,keyword90,keyword99,keyword85,keyword94,keyword68,keyword46,keyword28
page82,keyword99,keyword74,keyword36,keyword7,keyword68,keyword79,keyword32
page48,keyword83,keyword71
page443,keyword34,keyword98,keyword37,keyword90,keyword27,keyword47,keyword75,keyword35
page392,keyword50,keyword62,keyword48,keyword58,keyword7,keyword57
page84,keyword83,keyword34,keyword15,keyword3,keyword85,keyword68,keyword75,keyword6
page352,keyword96,keyword98,keyword4,keyword95,keyword64
page324,keyword67,keyword44,keyword40,keyword9,keyword47,keyword94
page482,keyword64,keyword100,keyword4
page4,keyword49,keyword77,keyword14,keyword65,keyword24
page499,keyword86
page47,keyword38,keyword49,keyword44,keyword46,keyword24,keyword6
page220,keyword98,keyword51,keyword4,keyword58,keyword21,keyword86,keyword54,keyword64,keyword81,keyword31
page361,keyword84,keyword35,keyword33
page222,keyword12,keyword51,keyword95,keyword66,keyword40,keyword27,keyword13
page397,keyword98,keyword15,keyword77,keyword99,keyword69
page483,keyword96,keyword5,keyword4,keyword40,keyword33,keyword69,keyword80,keyword68,keyword32
page448,keyword100,keyword26,keyword78
page463,keyword31
page213,keyword16,keyword37,keyword90,keyword1,keyword19,keyword63,keyword7,keyword18,keyword86
page343,keyword49,keyword5,keyword50,keyword44,keyword51,keyword52,keyword58,keyword75,keyword46,keyword28
page413,keyword69
page414,keyword4,keyword55,keyword88,keyword63,keyword46,keyword28,keyword24,keyword32
page107,keyword82,keyword1,keyword20,keyword30,keyword64,keyword70,keyword32
page178,keyword78,keyword59,keyword66,keyword29,keyword39,keyword17
page180,keyword30
page156,keyword83,keyword51,keyword95,keyword1,keyword22,keyword75,keyword28
page415,keyword92,keyword41,keyword79,keyword38
page144,keyword88
page8,keyword82,keyword52
page154,keyword78,keyword98,keyword3,keyword88,keyword46,keyword43,keyword17
page371,keyword38,keyword92,keyword97,keyword37,keyword4,keyword59,keyword94,keyword28,keyword42
page112,keyword48,keyword30,keyword94,keyword7,keyword89,keyword42
page468,keyword63,keyword74,keyword55,keyword70
page35,keyword100,keyword62,keyword26,keyword59,keyword6
page249,keyword7,keyword57,keyword39
page29,keyword12,keyword34,keyword26,keyword4,keyword55,keyword22,keyword69,keyword14,keyword64,keyword75
page293,keyword83,keyword77,keyword58,keyword41,keyword6
page494,keyword15,keyword66,keyword85,keyword36,keyword94,keyword25,keyword70,keyword28
page379,keyword100,keyword78,keyword12,keyword8,keyword52,keyword80,keyword41,keyword36,keyword75
page405,keyword50,keyword72,keyword4,keyword77,keyword41,keyword94,keyword53,keyword79,keyword31
page377,keyword83,keyword98,keyword50,keyword84,keyword77,keyword85,keyword14,keyword39,keyword28,keyword6
page429,keyword56,keyword17,keyword55,keyword30
page373,keyword67,keyword16,keyword23,keyword22,keyword27,keyword86
page159,keyword53,keyword69,keyword85
page441,keyword78,keyword83,keyword48,keyword85,keyword57
page105,keyword62,keyword95
page312,keyword51,keyword78
page73,keyword83,keyword77,keyword48,keyword22,keyword85,keyword21,keyword54,keyword89,keyword79
page360,keyword51,keyword72,keyword1,keyword66,keyword30,keyword7,keyword81,keyword35,keyword6
page469,keyword38,keyword97,keyword98,keyword50,keyword11,keyword80,keyword20,keyword21,keyword10
page150,keyword96,keyword71,keyword50,keyword84,keyword88,keyword80,keyword81,keyword75,keyword65,keyword10
page334,keyword95,keyword74,keyword64,keyword65,keyword24
page387,keyword40
page188,keyword71,keyword44,keyword2
page301,keyword85,keyword18,keyword31,keyword86
page59,keyword17,keyword65,keyword41,keyword16
page313,keyword12,keyword49,keyword51,keyword37,keyword4,keyword21,keyword24
page323,keyword7,keyword45
page157,keyword62,keyword3,keyword58,keyword29,keyword18,keyword42
page284,keyword25,keyword58
page74,keyword45,keyword62,keyword48,keyword58,keyword24
page200,keyword16,keyword62,keyword9,keyword81,keyword60,keyword17,keyword31
page396,keyword5,keyword56,keyword8,keyword99,keyword58,keyword54,keyword64,keyword35
page207,keyword21,keyword59,keyword69,keyword61
page407,keyword100,keyword49,keyword41,keyword21,keyword70,keyword2
page420,keyword67,keyword87,keyword69,keyword63,keyword86,keyword2,keyword79
page32,keyword96,keyword16,keyword97,keyword18,keyword2,keyword39,keyword10,keyword35
page316,keyword71,keyword12,keyword73,keyword8,keyword20,keyword30,keyword21,keyword54,keyword43
page114,keyword96,keyword23,keyword49,keyword56,keyword4,keyword55,keyword27,keyword93
page94,keyword97,keyword40,keyword55,keyword52,keyword32
page170,keyword96,keyword83,keyword62,keyword4,keyword3,keyword47,keyword43
page366,keyword45,keyword71,keyword98,keyword11,keyword22,keyword14,keyword86,keyword75,keyword39,keyword32
page51,keyword45,keyword71,keyword72,keyword59,keyword29,keyword68,keyword86,keyword42
page384,keyword62,keyword26,keyword4,keyword77,keyword80,keyword20,keyword74,keyword64,keyword57,keyword42
page18,keyword67,keyword48,keyword52,keyword64,keyword70,keyword2,keyword65,keyword13
page110,keyword90,keyword24
page362,keyword38,keyword26,keyword66,keyword8,keyword69,keyword25,keyword13
page173,keyword98,keyword22,keyword88,keyword86,keyword10,keyword93
page461,keyword99,keyword93
page435,keyword82,keyword85,keyword66
page50,keyword56,keyword26,keyword1,keyword52,keyword74,keyword41,keyword25,keyword89
page206,keyword92,keyword97,keyword62,keyword22,keyword52,keyword29,keyword21,keyword86,keyword54
page455,keyword19,keyword69,keyword94,keyword25,keyword53
page34,keyword67,keyword71,keyword15,keyword58,keyword30,keyword86,keyword93,keyword42,keyword6
page262,keyword83,keyword43,keyword81
page341,keyword91,keyword30,keyword12
page236,keyword51
page36,keyword32,keyword64,keyword52
page175,keyword90,keyword77,keyword58,keyword94,keyword86
page77,keyword12,keyword87,keyword51,keyword69,keyword2
page418,keyword53,keyword36
page15,keyword31,keyword26,keyword34
page437,keyword56
page408,keyword87,keyword5,keyword91,keyword48,keyword10,keyword17
page289,keyword15,keyword80,keyword20,keyword30,keyword81,keyword70,keyword46,keyword13,keyword31
page243,keyword45,keyword49,keyword90,keyword84,keyword1,keyword80,keyword14,keyword93,keyword35
page239,keyword7,keyword78,keyword26,keyword86
page381,keyword67,keyword11,keyword68,keyword65,keyword31
page348,keyword29,keyword84,keyword10
page7,keyword93,keyword69,keyword30,keyword95
page440,keyword49,keyword44,keyword73,keyword14,keyword30,keyword18,keyword21,keyword81,keyword39,keyword24
page3,keyword69,keyword9,keyword80,keyword63,keyword58,keyword14,keyword94,keyword81
page83,keyword59,keyword77,keyword53,keyword65,keyword10,keyword57
page69,keyword71,keyword87,keyword61,keyword95,keyword8,keyword25,keyword60
page477,keyword67,keyword71,keyword78,keyword87,keyword9,keyword29,keyword36
page365,keyword31,keyword92,keyword82,keyword4
page290,keyword51,keyword15,keyword73,keyword59,keyword22,keyword19,keyword58,keyword70,keyword13
page419,keyword20
page31,keyword89,keyword24,keyword35,keyword100
page151,keyword42,keyword90,keyword92,keyword41
page351,keyword18,keyword95,keyword88
page423,keyword56
page425,keyword45,keyword92,keyword58,keyword74,keyword6
page465,keyword78,keyword12,keyword49,keyword30,keyword21,keyword89,keyword43,keyword60,keyword31
page386,keyword54
page118,keyword62,keyword37,keyword59,keyword66,keyword22,keyword88,keyword58,keyword25,keyword86,keyword64
page37,keyword38,keyword61,keyword90,keyword84,keyword9,keyword85,keyword94,keyword93
page253,keyword45,keyword100,keyword77,keyword48,keyword99,keyword80,keyword36
page445,keyword67,keyword98,keyword5,keyword37,keyword73,keyword84,keyword88,keyword6
page171,keyword38,keyword92,keyword62,keyword55,keyword41
page395,keyword52,keyword82,keyword98
page485,keyword16,keyword37,keyword94,keyword86,keyword65,keyword6
page454,keyword96,keyword23,keyword97,keyword5,keyword44,keyword73,keyword27,keyword46,keyword42
page183,keyword67,keyword92,keyword49,keyword25,keyword21,keyword79
page332,keyword37,keyword15,keyword48,keyword7,keyword42
page121,keyword38,keyword96,keyword23,keyword56,keyword1,keyword77,keyword47,keyword20,keyword21,keyword28
page376,keyword86
page487,keyword26
page350,keyword83,keyword98,keyword56,keyword27,keyword99,keyword86,keyword32,keyword31
page331,keyword59,keyword96,keyword72
page238,keyword6,keyword72,keyword93,keyword75
page264,keyword8
page75,keyword99,keyword74,keyword10,keyword93,keyword32
page122,keyword61,keyword58,keyword74,keyword94,keyword7,keyword53,keyword64,keyword17
page446,keyword15,keyword65
page228,keyword71,keyword34,keyword26,keyword72,keyword48,keyword22,keyword6
page490,keyword90,keyword87
page402,keyword12,keyword56,keyword73,keyword29,keyword14,keyword53,keyword81,keyword70
page372,keyword92,keyword50,keyword4,keyword66,keyword19,keyword20,keyword70,keyword10
page411,keyword47,keyword19,keyword12
page274,keyword47,keyword68,keyword86,keyword64,keyword35,keyword43
page278,keyword45,keyword62,keyword22,keyword88,keyword25,keyword17
page68,keyword24,keyword26
page191,keyword23,keyword8,keyword57,keyword79,keyword31
page281,keyword15,keyword69,keyword10,keyword96
page53,keyword5,keyword15,keyword73,keyword8,keyword99,keyword47,keyword85,keyword39,keyword46,keyword24
page162,keyword49,keyword56,keyword50,keyword11,keyword1,keyword19,keyword99
page472,keyword100,keyword23,keyword90,keyword91,keyword52
page258,keyword13,keyword12,keyword54,keyword56
page88,keyword12,keyword80,keyword21,keyword81,keyword6
page271,keyword12,keyword17,keyword42,keyword34
page26,keyword100,keyword34,keyword90,keyword55,keyword48,keyword52,keyword14,keyword86,keyword81,keyword93
page349,keyword67,keyword98,keyword59,keyword55,keyword19,keyword58,keyword74,keyword70
page30,keyword38,keyword82,keyword99,keyword85,keyword30
page265,keyword96,keyword26,keyword1,keyword64,keyword35,keyword13
page300,keyword32
page197,keyword45,keyword67,keyword61,keyword44,keyword51,keyword90,keyword1,keyword70,keyword13
page28,keyword72,keyword84,keyword11,keyword63,keyword65,keyword10,keyword46
page460,keyword98,keyword56,keyword40,keyword25,keyword2,keyword35,keyword17,keyword6
page179,keyword97
page451,keyword45,keyword82,keyword23,keyword56,keyword95,keyword80,keyword41,keyword64,keyword43
page275,keyword15,keyword1,keyword19,keyword53,keyword86
page97,keyword71,keyword78,keyword97,keyword61,keyword84,keyword1,keyword66,keyword18,keyword93
page412,keyword45,keyword38,keyword100,keyword23,keyword98,keyword59,keyword40,keyword53,keyword75
page299,keyword16,keyword40,keyword74
page44,keyword23,keyword87,keyword95,keyword80,keyword68,keyword54,keyword89,keyword93
page336,keyword87,keyword61,keyword37,keyword40,keyword48,keyword21,keyword64,keyword46,keyword28
page23,keyword45,keyword23,keyword90,keyword95,keyword33,keyword18,keyword46
page296,keyword78,keyword12,keyword98,keyword26,keyword91,keyword63,keyword81,keyword39
page357,keyword92,keyword91,keyword53,keyword21,keyword54,keyword93,keyword43,keyword32
page426,keyword83,keyword5,keyword22,keyword52,keyword9,keyword58,keyword53,keyword76,keyword43,keyword60
page11,keyword30,keyword23,keyword96,keyword90
page216,keyword100,keyword23,keyword97,keyword14,keyword41,keyword31
page355,keyword78,keyword26,keyword15,keyword95,keyword55,keyword63,keyword74,keyword29,keyword21,keyword76
page439,keyword60
page204,keyword60,keyword93,keyword12,keyword2
page139,keyword70
page308,keyword78,keyword81,keyword76,keyword83
page322,keyword32,keyword4,keyword20,keyword67
page246,keyword58,keyword100,keyword45,keyword13
page113,keyword5,keyword50,keyword4,keyword47,keyword89
page64,keyword71,keyword62,keyword74,keyword64,keyword75,keyword89,keyword93,keyword13
page424,keyword50
page71,keyword33,keyword73
page481,keyword38,keyword100,keyword83,keyword12,keyword19,keyword29,keyword53,keyword70
page155,keyword73,keyword34
page326,keyword27,keyword3,keyword52,keyword30,keyword94,keyword75
page367,keyword70,keyword67,keyword98
page475,keyword95,keyword69,keyword41,keyword75,keyword31
page430,keyword16,keyword12,keyword56,keyword15,keyword80,keyword94,keyword7,keyword21
page193,keyword1,keyword35,keyword66
page488,keyword44,keyword84,keyword57,keyword7
page491,keyword94
page147,keyword61,keyword51,keyword95,keyword55,keyword69,keyword52,keyword25,keyword18,keyword13
page221,keyword16,keyword20,keyword94,keyword28,keyword6
page449,keyword45,keyword100,keyword56,keyword62,keyword4,keyword33,keyword19,keyword47
page286,keyword12,keyword73,keyword95,keyword55,keyword29,keyword75
page422,keyword45
page167,keyword43,keyword90
page98,keyword8,keyword63,keyword95
page383,keyword68,keyword41,keyword32,keyword23
page378,keyword45,keyword18,keyword95
page317,keyword17,keyword48,keyword12
page203,keyword82,keyword71,keyword9,keyword81,keyword28
page251,keyword39,keyword50,keyword18
page417,keyword64,keyword74,keyword76
page19,keyword38,keyword67,keyword12,keyword56,keyword8,keyword40,keyword29,keyword46
page24,keyword74,keyword85,keyword1,keyword10
page288,keyword16,keyword44,keyword90,keyword91,keyword52,keyword54,keyword10,keyword57,keyword24,keyword42
page6,keyword100,keyword67,keyword5,keyword56,keyword37,keyword9,keyword58,keyword30,keyword70
page72,keyword12
page374,keyword70
page285,keyword49,keyword66,keyword19,keyword9,keyword75,keyword10,keyword35,keyword32
page342,keyword12,keyword14,keyword48,keyword49
page496,keyword69
page198,keyword23,keyword84,keyword8,keyword77,keyword47,keyword30,keyword53
page158,keyword13
page117,keyword68,keyword8
page184,keyword73,keyword66,keyword83
page12,keyword83,keyword97,keyword5,keyword91,keyword22,keyword20,keyword41,keyword21,keyword31
page89,keyword92,keyword12,keyword5,keyword61,keyword99,keyword58,keyword29,keyword30,keyword13,keyword17
page194,keyword100,keyword31,keyword14
page126,keyword48,keyword27,keyword32
page479,keyword23,keyword98,keyword4,keyword95,keyword30,keyword25,keyword86,keyword32
page268,keyword90,keyword40,keyword20,keyword46,keyword32,keyword6
page302,keyword26,keyword51,keyword1,keyword25,keyword13
page470,keyword78,keyword12,keyword8,keyword48,keyword9,keyword68,keyword21,keyword2,keyword46,keyword28
page14,keyword7,keyword11,keyword35
page66,keyword96,keyword3,keyword70,keyword93,keyword42
page27,keyword78,keyword98,keyword87,keyword37,keyword84,keyword59,keyword1,keyword33
page492,keyword73,keyword48,keyword27,keyword33,keyword21,keyword35,keyword32
page493,keyword100,keyword96,keyword82,keyword37,keyword84,keyword80,keyword58,keyword14,keyword46
page43,keyword16,keyword87,keyword56,keyword50,keyword51,keyword3,keyword54,keyword39,keyword28
page273,keyword96,keyword61,keyword69,keyword86,keyword60
page119,keyword23,keyword61,keyword7,keyword86,keyword65,keyword89
page297,keyword96,keyword82,keyword34,keyword37,keyword54,keyword76,keyword13,keyword60,keyword31
page49,keyword16,keyword23,keyword56,keyword44,keyword37,keyword19,keyword88,keyword54,keyword70,keyword65
page233,keyword87,keyword61,keyword50,keyword20,keyword7,keyword70,keyword65,keyword43
page427,keyword31,keyword53,keyword51
page91,keyword100,keyword71,keyword49,keyword98,keyword22,keyword63,keyword76,keyword24
page85,keyword38,keyword82,keyword12,keyword98,keyword66,keyword27,keyword29,keyword18,keyword53
page148,keyword67
page149,keyword100,keyword23,keyword33,keyword63,keyword74,keyword29,keyword75
page103,keyword100,keyword71,keyword50,keyword55,keyword99,keyword80,keyword36,keyword43,keyword60
page478,keyword50
page195,keyword34,keyword50,keyword62,keyword33,keyword52,keyword94
page254,keyword90,keyword31
page390,keyword83,keyword56,keyword95,keyword35,keyword32
page359,keyword67,keyword50,keyword26,keyword77,keyword19,keyword68,keyword21,keyword39
page223,keyword36,keyword84
page450,keyword96,keyword83,keyword23,keyword12,keyword7
page267,keyword37,keyword100
page57,keyword82,keyword12,keyword21,keyword76,keyword42,keyword60
page54,keyword13,keyword100,keyword45
page190,keyword82,keyword50,keyword37,keyword91,keyword77,keyword3,keyword76
page480,keyword37
page132,keyword16,keyword44,keyword3,keyword80,keyword58,keyword74,keyword14
page192,keyword90,keyword95,keyword65,keyword93,keyword13
page474,keyword5,keyword56,keyword61,keyword1,keyword48,keyword14,keyword53,keyword70,keyword65
page486,keyword24,keyword96
page142,keyword100,keyword95,keyword3,keyword85,keyword31
page62,keyword82,keyword87,keyword73,keyword19,keyword69,keyword52,keyword58,keyword30,keyword13
page215,keyword45,keyword34,keyword66,keyword8,keyword48,keyword88,keyword36,keyword57
page141,keyword8,keyword46,keyword3,keyword19
page452,keyword13,keyword36,keyword90,keyword21
page61,keyword89
page10,keyword45,keyword1,keyword22,keyword21,keyword79,keyword32
page224,keyword98,keyword5,keyword26,keyword37,keyword73,keyword1,keyword60
page63,keyword5
page393,keyword75,keyword81,keyword59,keyword33
page1,keyword38,keyword71,keyword98,keyword57,keyword42
page287,keyword92,keyword97,keyword4,keyword73,keyword48,keyword70,keyword10,keyword79,keyword60
page353,keyword70
page467,keyword95,keyword25,keyword54,keyword57,keyword28
page135,keyword2,keyword39,keyword57,keyword43,keyword17
page212,keyword24,keyword57,keyword92
page235,keyword49,keyword52,keyword63,keyword46,keyword60,keyword17
page315,keyword16,keyword23,keyword87,keyword73,keyword22,keyword57
page60,keyword39,keyword77
page399,keyword59,keyword76,keyword84
page168,keyword80,keyword83
page306,keyword71,keyword1,keyword47,keyword80,keyword86,keyword81,keyword42,keyword17
page385,keyword45,keyword32,keyword86,keyword40
page398,keyword16,keyword71,keyword11,keyword55,keyword48,keyword3,keyword89,keyword93,keyword79,keyword31
